Id,Title,Author,Date,Year,Url,Source name,Source type,Content type,Content,Industry setting
1,"The microservice architecture is meant to simplify and accelerate development, but only when done correctly",Chris Richardson,2023-07-06,2023,https://microservices.io/post/architecture/2023/07/06/msa-is-meant-to-simplify-development.md.html,microservices.io,ad-hoc blog,blog post,best practices,consulting
2,You Don’t Need Microservices,Matthew Spence,2022-07-27,2022,https://itnext.io/you-dont-need-microservices-2ad8508b9e27,itnext.io,community,blog post,pros & cons,case study
3,What’s the right size for a Microservice,Kyle Gene Brown,2020-04-14,2020,https://kylegenebrown.medium.com/whats-the-right-size-for-a-microservice-bf1740370d47,Kyle Gene Brown,ad-hoc blog,blog post,best practices,consulting
4,Microservices Lessons From Netflix,Neo Kim,2023-10-31,2023,https://newsletter.systemdesign.one/p/netflix-microservices,System Design Newsletter,community,blog post,patterns,case study
5,Don’t start with microservices in production – monoliths are your friend,Arnold Galovics,2021-12-16,2021,https://arnoldgalovics.com/microservices-in-production/,Arnold Galovics,ad-hoc blog,blog post,best practices,case study
6,Disasters I've seen in a microservices world,João Alves,2021-04-02,2021,https://world.hey.com/joaoqalves/disasters-i-ve-seen-in-a-microservices-world-a9137a51,João Alves,ad-hoc blog,blog post,pros & cons,consulting
8,The disadvantages vs. benefits of microservices,Bob ReselMan,2022-01-25,2022,https://developers.redhat.com/articles/2022/01/25/disadvantages-microservices#,Red Had Developer,community,blog post,pros & cons,consulting
9,10 disadvantages of microservices you'll need to overcome,Bob Reselman,2023-11-16,2023,https://www.theserverside.com/answer/What-are-some-of-the-disadvantages-of-microservices,TheServerSide,community,blog post,pros & cons,consulting
10,Microservices Disadvantages & Advantages,3 Pillar Global,2020-12-30,2020,https://www.3pillarglobal.com/insights/disadvantages-of-a-microservices-architecture/,3 Pillar Global,company,blog post,pros & cons,consulting
11,"Microservices Architecture Advantages and Disadvantages, Risks, and 5 Use Cases",Paul Kovalenko,2021-08-18,2021,https://modlogix.com/blog/microservices-architecture-advantages-and-disadvantages-risks-and-5-use-cases/,ModLogix,company,blog post,pros & cons,consulting
12,Advantages and Disadvantages of Microservices Architecture,Ranju R,2021-06-29,2021,https://www.sayonetech.com/blog/advantages-microservices-architecture-disadvantages-microservices-architecture/,Sayone,company,blog post,pros & cons,consulting
13,What Are Advantages & Disadvantages of Microservices Architecture?,Trung Tran,2022-03-31,2022,https://www.orientsoftware.com/blog/microservices-advantages-and-disadvantages/,Orient,company,blog post,pros & cons,consulting
14,6 Advantages of microservices,Dale Kim,2020-10-15,2020,https://devops.com/6-advantages-of-microservices/,Devops.com,community,blog post,pros & cons,consulting
15,The Pros and Cons of Microservices: To Use or Not to Use,Yellow,2021-02-05,2021,https://yellow.systems/blog/microservices-pros-and-cons,yellow,company,blog post,pros & cons,consulting
16,"What are microservices? The pros, cons, and how they work",Anna Monus,2022-12-20,2022,https://raygun.com/blog/what-are-microservices/,Raygun,company,blog post,pros & cons,product
18,The pros and cons of moving to a cloud native architecture,Sue Marek,2021-06-07,2021,https://www.nokia.com/blog/the-pros-and-cons-of-moving-to-a-cloud-native-architecture/,Nokia,company,blog post,pros & cons,case study
21,What are Microservices?,AKF,2020-04-14,2020,https://akfpartners.com/growth-blog/what-are-microservices,akf partners,company,blog post,pros & cons,consulting
22,Anti-Patterns of Microservices,Bishr Tabbaa,2019-06-19,2019,https://itnext.io/anti-patterns-of-microservices-6e802553bd46,iitnext.io,community,blog post,patterns,consulting
23,When to Use Microservices (And When Not To!),Sam Newman,2020-10-03,2020,https://www.youtube.com/watch?v=GBTdnfD6s5Q,goto,summit,video,best practices,consulting
24,Pitfalls & Challenges Faced During a Microservices Architecture Implementation,"Dinkar Gupta, Mrudul Palvankar",2020-02-01,2020,https://www.cognizant.com/en_us/insights/documents/pitfalls-and-challenges-faced-during-a-microservices-architecture-implementation-codex5066.pdf,Cognizant,company,whitepaper,pros & cons,consulting
25,What are Microservices?,Frederico Hakamine,2021-02-16,2021,https://www.okta.com/blog/2021/02/microservices/,Okta,company,blog post,pros & cons,product
26,Microservices: Advantages and Disadvantages (And Whether They're Right For Your Business),Roxanne Voidonicolas,2023-03-22,2023,https://www.shopify.com/enterprise/blog/disadvantages-microservices,Shopify,company,blog post,pros & cons,consulting
27,Top Advantages and Disadvantages of Microservices: Biggest Benefits of Microservices and Key Use Cases,Danny Shain,2023-02-09,2023,https://camunda.com/blog/2023/02/benefits-of-microservices-advantages-disadvantages/,Camunda,company,blog post,pros & cons,product
28,Microservices: Pros and Cons,Danielle Gaither,2023-02-08,2023,https://blog.stoplight.io/microservices-pros-and-cons,Stoplight,company,blog post,pros & cons,product
29,Microservices Advantages and Disadvantages: Everything You Need to Know,Sarah Diguer,2020-06-01,2020,https://solace.com/blog/microservices-advantages-and-disadvantages/,Solace,company,blog post,pros & cons,consulting
30,Microservices: the Pros and Cons of Cloud Native's Architecture,Krijn Mossel,2021-02-25,2021,https://blog.container-solutions.com/microservices-pros-and-cons-of-cloud-natives-architecture,Container Solutions,company,blog post,pros & cons,consulting
31,What are the benefits of a microservices architecture?,Gitlab,2022-09-29,2022,https://about.gitlab.com/blog/2022/09/29/what-are-the-benefits-of-a-microservices-architecture/,Gitlab,company,blog post,pros & cons,consulting
32,Monolithic vs Microservice Architecture- Pros and Cons,Decipher Zone,2019-09-02,2019,https://www.decipherzone.com/blog-detail/Monolithic-vs-Microservice-Architecture,Decipher Zone,company,blog post,pros & cons,consulting
33,The Pros and Cons of Microservices ,Rod Cope,2020-08-25,2020,https://www.devopsdigest.com/the-pros-and-cons-of-microservices,Devops digest,community,blog post,pros & cons,consulting
34,To go or not to go micro: the pros and cons of microservices,"Daniel Requejo, Fernando Villanueva",2018-08-16,2018,https://medium.com/@goodrebels/to-go-or-not-to-go-micro-the-pros-and-cons-of-microservices-7967418ff06,Good Rebels,company,blog post,pros & cons,consulting
35,Microservices pros and cons,Cortex,2022-02-09,2022,https://www.cortex.io/post/microservices-pros-and-cons,Cortex,company,blog post,pros & cons,product
36,"Monolithic vs Microservices: Features, Pros & Cons, and Real-World Use Cases",Melissa Malec,2024-02-12,2024,https://hatchworks.com/blog/software-development/monolithic-vs-microservices/,Hatchworks,company,blog post,pros & cons,consulting
37,"What Are Microservices: Pros, Cons, Use Cases, and More",Hiren Dhaduk,2022-03-10,2022,https://www.simform.com/blog/what-are-microservices/,SimForm,company,blog post,pros & cons,consulting
38,Microservices vs Monolith: The Ultimate Comparison 2024,Alfonso Valdes,2021-03-10,2021,https://www.clickittech.com/devops/microservices-vs-monolith,ClickIT,company,blog post,pros & cons,case study
39,What are Microservices? Advantages and Disadvantages of Microservices,fram,2022-06-24,2022,https://wearefram.com/blog/microservices-advantages-disadvantages/,fram,company,blog post,pros & cons,consulting
40,The Pros and Cons of Microservices,Wanter Lindsa,2019-01-04,2019,https://blogs.opentext.com/pros-cons-microservices/,Opentext,company,blog post,pros & cons,consulting
41,4 Major Benefits and Advantages of Microservices,Ashish Patel,2021-09-15,2021,https://simpat.tech/benefits-microservices/,Simpat Tech,company,blog post,pros & cons,consulting
42,Microservices Vs Monolith: The never ending battle,Animesh Gaitonde,2023-08-29,2023,https://engineeringatscale.substack.com/p/microservices-vs-monolith-battle,Engineering At Scale,ad-hoc blog,blog post,pros & cons,consulting
43," Monolithic vs Microservices Architecture: Pros, Cons and Which to Choose",Angela Davis,2023-10-09,2023,https://www.openlegacy.com/blog/monolithic-application,OpenLegacy,company,blog post,pros & cons,consulting
44,Navigating the Microservices Maze: Understanding the Pros and Cons of Microservices Architectures,Stephen Gates,2023-01-11,2023,https://checkmarx.com/blog/navigating-the-microservices-maze-understanding-the-pros-and-cons-of-microservices-architectures/,Checkmarx,company,blog post,pros & cons,consulting
45,7 Key Benefits of Microservices,Jeremy Hillpot,2023-06-20,2023,https://blog.dreamfactory.com/7-key-benefits-of-microservices/,DreamFactory,company,blog post,pros & cons,product
46,10 Benefits of Microservices Architecture for Business,Digiteum,2023-02-21,2023,https://www.digiteum.com/advantages-microservices-architecture/,Digiteum,company,blog post,pros & cons,consulting
47,Monolithic vs Microservices Architecture for .NET ,Dmitry Yerygin,2020-04-23,2020,https://redwerk.com/blog/net-monolithic-vs-microservices-applications-pros-and-cons/,Redwerk,company,blog post,pros & cons,consulting
48,Microservices Pros and Cons,Curtis Poe,2023-12-20,2023,https://ovid.github.io/articles/microservices-pros-and-cons.html,"Ovid's Programming, Politics, and Prose",ad-hoc blog,blog post,pros & cons,consulting
49,Introduction to microservices,Google Cloud,2021-06-24,2021,https://cloud.google.com/architecture/microservices-architecture-introduction,Google,company,blog post,pros & cons,product
50,Monolith Versus Microservices: Weigh the Pros and Cons of Both Configs,Pavel Despot,2023-12-16,2023,https://www.akamai.com/blog/cloud/monolith-versus-microservices-weigh-the-difference,Akamai,company,blog post,pros & cons,product
51,Top 4 Pros and Cons of Microservices Architecture,Mike Solinap,2018-01-31,2018,https://www.spkaa.com/blog/top-4-pros-cons-microservices-architecture-2,SPK and Associates,company,blog post,pros & cons,consulting
52,"Monolithic vs Microservices Architecture: Advantages, Disadvantages, And Differences",Akash Nagpal,2023-11-30,2023,https://www.lambdatest.com/blog/monolithic-vs-microservices-architecture/,Lambdatest,company,blog post,pros & cons,product
53,Monolithic vs Microservices Architecture: Pros and Cons,Intellisoft,2023-07-06,2023,https://medium.com/@IntelliSoft/monolithic-vs-microservices-architecture-pros-and-cons-cb54d1bca080,IntelliSoft,company,blog post,pros & cons,consulting
54,What are Microservices? Introduction to Microservices Architecture,Sofija Simic,2019-12-26,2019,https://phoenixnap.com/kb/introduction-to-microservices-architecture,PhoenixNAP,company,blog post,pros & cons,product
55,Microservices vs. Monolith: What Is the Best Pick for Your Product?,Tanya Bahrynovska,2022-03-23,2022,https://forbytes.com/blog/microservices-vs-monolith/,Forbytes,company,blog post,pros & cons,consulting
56,Monolithic vs Microservice Architecture: What to Choose for a Large eCommerce Project,Gayane Tamrazyan,2023-11-30,2023,https://simtechdev.com/blog/monolithic-vs-microservice-architecture/,Simtech,company,blog post,pros & cons,consulting
57,The Pros and Cons of a Microservices Approach to Software Architecture,Michelle Sollicito,2018-03-26,2018,https://www.linkedin.com/pulse/pros-cons-microservices-approach-software-michelle-sollicito/,LinkedIn,community,blog post,pros & cons,consulting
58,Microservice Architecture: Unveiling the Advantages and Disadvantages,,2021-09-15,2021,https://qubit-labs.com/microservices-frameworks-and-interview-questions/,Qubit labs,company,blog post,pros & cons,consulting
59,The Fundamentals of Microservices: Use Cases and Benefits,Keith D Foote,2018-08-08,2018,https://www.dataversity.net/the-fundamentals-of-microservices/,Dataversity,community,blog post,patterns,case study
60,Microservices vs. Monolithic Architecture: Compare Pros and Cons for Business,Digiteum,2023-11-03,2023,https://www.digiteum.com/monolithic-vs-microservices-architecture/,Digiteum,company,blog post,pros & cons,consulting
61,7 Microservices Benefits and How They Impact Development ,Joel Abbott,2020-08-06,2020,https://www.capitalone.com/tech/software-engineering/microservices-benefits/,CapitalOne,company,blog post,pros & cons,consulting
62,Microservices vs. Monolithic Architecture: Breaking Down the Pros and Cons,Aleksander Furgal,2023-04-25,2023,https://asperbrothers.com/blog/microservices-vs-monolithic-architecture/,Asper Brothers,company,blog post,pros & cons,consulting
63,Monolithic vs microservice architecture: Which is best?,Roxana Elliott,2022-01-27,2022,https://www.digitalocean.com/blog/monolithic-vs-microservice-architecture,Digital Ocean,company,blog post,pros & cons,product
64,Monolithic vs. Microservices Architecture: Everything You Need to Know in 2024,Dilara Gorum,2024-01-02,2024,https://ninetailed.io/blog/monolithic-vs-microservices/,ninetailed,company,blog post,pros & cons,product
65,What Is a Microservices Architecture?,The Cloud Native Experts,2021-10-04,2021,https://www.aquasec.com/cloud-native-academy/cloud-native-applications/microservices-architecture/,cloud native wiki,community,blog post,pros & cons,product
66,Microservices vs. Monoliths: An Operational Comparison ,Alexander Kainz,2020-07-07,2020,https://thenewstack.io/microservices/microservices-vs-monoliths-an-operational-comparison/,The New Stack,community,blog post,pros & cons,consulting
67,"Why and How Netflix, Amazon, and Uber Migrated to Microservices: Learn from Their Experience",Anna Rud,2019-07-24,2019,https://www.hys-enterprise.com/blog/why-and-how-netflix-amazon-and-uber-migrated-to-microservices-learn-from-their-experience/,HYS enterprise,company,blog post,experience report,case study
68,Monolithic architecture vs microservices,Piotr Karwatka,2020-01-14,2020,https://www.divante.com/blog/monolithic-architecture-vs-microservices,Divante,company,blog post,pros & cons,consulting
69,How micro is your microservice?,Larry Garfield,2018-08-07,2018,https://platform.sh/blog/how-micro-is-your-microservice/,platform.sh,company,blog post,pros & cons,product
70,"Transitioning from Monolithic to Microservices Architecture: Pros, Cons, and segment’s journey",Adfolks,2021-11-08,2021,https://www.adfolks.com/blogs/transitioning-from-monolithic-to-microservices-architecture-pros-cons-and-segments-journey,Adfolks,company,blog post,pros & cons,case study
71,Microservices Architecture: How It Works and Why to Use It,Sveta Cherednichenko,2023-04-02,2023,https://www.mobindustry.net/blog/microservices-architecture-how-it-works-and-why-to-use-it/,mobindustry,company,blog post,pros & cons,consulting
72,Monolithic vs. microservices: The differences between them and when it’s time to loosen up,Alokai,2022-05-23,2022,https://alokai.com/blog/monolith-vs-microservices,Alokai,company,blog post,pros & cons,consulting
73,Microservices vs Monolithic: Which Architecture is Better?,Andrey Kazakevich,2023-08-28,2023,https://hqsoftwarelab.com/blog/microservices-vs-monolithic-architecture/,HQSoftware,company,blog post,pros & cons,consulting
74,Microservices vs. Monoliths: Which is Right for Your Enterprise?,Ran Ilany,2020-06-26,2020,https://devops.com/microservices-vs-monoliths-which-is-right-for-your-enterprise/,Devops.com,community,blog post,pros & cons,consulting
75,"Microservices: Pros, Cons, and When to Choose Them",Rahul R,2022-12-01,2022,https://www.deienami.com/post/microservices-pros-cons-and-when-to-choose-them,Deienami,company,blog post,pros & cons,consulting
76,10 Pros and Cons of Microservices,Whizzbridge,2024-02-29,2024,https://www.whizzbridge.com/blog/10-pros-and-cons-of-microservices,Whizzbridge,company,blog post,pros & cons,consulting
77,Monolithic vs. Microservices Architecture: Which is Right for Your App,Viacheslav Shvetsov,2021-11-12,2021,https://mlsdev.com/blog/128-microservices-vs-monoliths-how-to-understand-when-it-s-time-to-use-the-former-option,MLSDev,company,blog post,pros & cons,consulting
78,Microservices Architecture: An Introductory Guide for Business Leaders,Edvantis,2021-02-02,2021,https://www.edvantis.com/blog/microservices-architecture-guide/,Edvantis,company,blog post,pros & cons,consulting
79,Monolithic Vs. Microservices Architecture: Which Is Best for Your Application? ,Robert Kazmi,2023-11-03,2023,https://www.koombea.com/blog/monolithic-vs-microservices/,Koombea,company,blog post,pros & cons,consulting
80,Challenges of Microservices & When To Avoid Them,Sudip Sengupta,2021-01-20,2021,https://www.bmc.com/blogs/microservices-challenges-when-to-avoid/,BMC,company,blog post,pros & cons,consulting
81,Identifying Advantages And Disadvantages Of Microservices Architecture,Eastgate Software,2023-04-23,2023,https://medium.com/@eastgate/identifying-advantages-and-disadvantages-of-microservices-architecture-6dcec6d43055,Eastgate Software,company,blog post,pros & cons,consulting
82,"What are Microservices? Characteristics, Examples, and Pros & Cons of It",Ashutec,2022-05-20,2022,https://www.ashutec.com/blog/what-are-microservices-characteristics-examples-and-pros-cons-of-it-bf41cfa644,Ashutec,company,blog post,pros & cons,consulting
83,"What is Microservices Architecture? Examples, Challenges, Benefits and Best Practices",Jigar Shah,2023-05-08,2023,https://radixweb.com/blog/what-is-microservices-architecture,Radixweb,company,blog post,pros & cons,consulting
84,Microservices vs. Monolithic Architecture Comparison,Natallia Sakovich,2024-02-02,2024,https://www.sam-solutions.com/blog/microservices-vs-monolithic-real-business-examples/,SAM solutions,company,blog post,pros & cons,consulting
85,Microservices vs Monolith: Choosing the Best for Your Business App,Program Ace,2024-01-28,2024,https://program-ace.com/blog/microservices-vs-monolith/,Program Ace,company,blog post,pros & cons,consulting
86,Advantages and Disadvantages of Microservices.,Yves Adler,2022-04-03,2022,https://yadler.github.io/posts/advantages-and-disadvantages-of-microservices/,Yves’ blog,ad-hoc blog,blog post,pros & cons,consulting
87,Microservices vs. monoliths: which architecture will be best for your product? ,Avenga,2022-12-27,2022,https://www.avenga.com/magazine/microservices-vs-monoliths/,Avenga,company,blog post,pros & cons,consulting
88,The Pros and Cons of Microservices vs. Monolithic Architecture,Rollout IT,2023-10-02,2023,https://blog.rolloutit.net/the-pros-and-cons-of-microservices-vs-monolithic-architecture-27bb0532d81a,Rollout IT,company,blog post,pros & cons,consulting
89,The Advantages of Microservices vs Monolithic Architectures,Intexsoft,2022-01-27,2022,https://intexsoft.com/blog/the-competing-advantages-of-microservices-vs-monolithic-architectures/,IntexSoft,company,blog post,pros & cons,consulting
90,What Is Microservice Architecture? Microservices Explained,BMC,2021-03-08,2021,https://www.bmc.com/blogs/microservices-architecture/,BMC,company,blog post,pros & cons,consulting
91,When to Use and When NOT to Use Microservices: No Silver Bullet,Mehmet Ozkaya,2023-02-17,2023,https://medium.com/design-microservices-architecture-with-patterns/when-to-use-and-when-not-to-use-microservices-no-silver-bullet-3ae293faf6d,medium.com,ad-hoc blog,blog post,pros & cons,consulting
92,"Enterprise Microservices: Benefits, Implementation, and Best Practices for 2024 ",Soumik Majumder,2023-08-07,2023,https://www.turing.com/blog/enterprise-microservices-benefits-implementation-best-practices/,Turing,company,blog post,pros & cons,consulting
93,Exploring the Potential Benefits of Microservices Architecture ,Jeff Kresuer,2023-12-04,2023,https://softjourn.com/insights/microservices-potential-benefits-and-their-effective-design,Softjourn,company,blog post,pros & cons,consulting
94,"Monoliths vs. Microservices: Differences, Pros & Cons, and Choosing the Right Architecture",Cortex,2021-01-28,2021,https://www.cortex.io/post/monoliths-vs-microservices-whats-the-difference,Cortex,company,blog post,pros & cons,product
95,An introduction to Microservices for CTOs: microservices pros and cons for business,Adam Polak,2023-04-28,2023,https://tsh.io/blog/basics-of-microservices-pros-and-cons/,The Software House,company,blog post,pros & cons,consulting
96,Beyond the Hype: Pros and Cons of Microservices,Mygento,2023-07-11,2023,https://www.mygento.com/blog/microservices-pros-and-cons,Mygento,company,blog post,pros & cons,consulting
97,"Transition from Monolith to Microservices: Advantages, Disadvantages & Use Cases",Eugene Khazin,2022-04-25,2022,https://www.onec1.com/thought-leadership/monolith-to-microservices,Onec1,company,blog post,pros & cons,consulting
98,15 Benefits of Microservices You Need to Know About,QAT Global,2024-02-20,2024,https://qat.com/15-benefits-microservices/,QAT Global,company,blog post,pros & cons,consulting
99,The Pros and Cons of Microservices in Software Development,Shardul Bhatt,2022-11-30,2022,https://www.botreetechnologies.com/blog/pros-and-cons-of-microservices-in-software-development/,BoTreeTechnologies,company,blog post,pros & cons,consulting
100,"What are the benefits of microservices, and will they pay for your business?","Yelena Lavrentyeva, Kirill Stashevsky",2022-01-10,2022,https://itrexgroup.com/blog/benefits-of-microservices-architecture-and-when-to-use-it/#header,ITRex,company,blog post,pros & cons,consulting
101,The Ultimate Truth: Microservices Advantages and Disadvantages,Qulix,2021-05-21,2021,https://www.qulix.com/about/blog/microservices-advantages-and-disadvantages/,Qulix,company,blog post,pros & cons,consulting
102,Benefits and Challenges of a Microservices Architecture,Jim Hatcher,2019-03-12,2019,https://www.datastax.com/blog/benefits-and-challenges-microservices-architecture,Datastax,company,blog post,pros & cons,product
103,All about #2... microservices architecture – know this before adopting it in 2021,Adam Polak,2021-05-20,2021,https://tsh.io/blog/microservices-architecture/,The Software House,company,blog post,pros & cons,consulting
104,Microservices vs Monolithic Architecture,RebDeBug,2021-09-10,2021,https://revdebug.com/blog/microservices-vs-monolithic-architecture/,RevDeBug,company,blog post,pros & cons,product
105,"What is microservices architecture — types, tools, pros and cons ",Maciej Manturewicz,2023-01-18,2023,https://codilime.com/blog/what-is-microservices-architecture/,Codilime,company,blog post,pros & cons,consulting
106,What Are Advantages & Disadvantages of Microservices Architecture?,Alex Zakharenkov,2020-05-13,2020,https://pixelplex.io/blog/pros-and-cons-of-microservices/,Picelplex,company,blog post,pros & cons,consulting
107,The downsides of microservices architecture,David Linthicum,2023-07-25,2023,https://www.infoworld.com/article/3703232/the-downsides-of-microservices-architecture.html,InfoWorld,community,blog post,pros & cons,consulting
108,Microservices Explained and their Pros & Cons,Hussein Nasser,2019-03-16,2019,https://www.youtube.com/watch?v=T-m7ZFxeg1A,Youtube,community,video,pros & cons,consulting
109,Microservices: Advantages & Disadvantages,Kel,2019-02-02,2019,https://www.youtube.com/watch?v=3rS86VVv-BE,Youtube,community,video,pros & cons,consulting
110,Microservices vs Monolithic: Which Architecture Is The Best Choice?,Mayank Patel,2022-12-19,2022,https://www.linearloop.io/blog/microservices-vs-monolithic-which-architecture-is-the-best-choice,linearloop,company,blog post,pros & cons,consulting
111,When It Pays to Choose Microservices,Victoriia Zaripova,2021-07-19,2021,https://typeable.io/blog/2021-07-19-microservices,Typeable,company,blog post,patterns,consulting
112,Microservices vs monolith: Which architecture is the best choice for your business?,Marta Beznos,2023-01-03,2023,https://www.n-ix.com/microservices-vs-monolith-which-architecture-best-choice-your-business/,N-ix,company,blog post,pros & cons,consulting
113,A Quick Guide to Monolithic vs Microservices Architecture,Aliaksandra Tsikhanovich,2022-07-01,2022,https://www.qulix.com/about/monolithic-vs-microservices-architechture/,Qulix,company,blog post,pros & cons,consulting
114,Monolithic vs Microservice Architecture - Which Should You Use?,Alex Hyett,2023-05-05,2023,https://www.alexhyett.com/monolithic-vs-microservices/,alexhyett.com,ad-hoc blog,blog post,pros & cons,consulting
115,Part-3: Advantages and Disadvantages of Microservices Architecture,Obify Consulting,2022-01-29,2022,https://www.youtube.com/watch?v=eyYVNGpDk_c,Obify Consulting,company,video,pros & cons,consulting
117,"Microservices Architecture, advantages and disadvantages | Microservices #0 ",The Dev World - by Sergio Lema,2020-11-09,2020,https://www.youtube.com/watch?v=iwq0rc-PYNQ,Youtube,community,video,pros & cons,consulting
118,Everything You Need to Know About Microservices in Simple Terms,Yevhenii Yankovy,2022-11-30,2022,https://nix-united.com/blog/everything-you-need-to-know-about-microservices-in-simple-terms/,Nix,company,blog post,pros & cons,consulting
119,Comparing Microservices Architecture vs Monolithic Architecture: Exploring the Opposite Approaches ,Meghan Neville,2023-10-12,2023,https://softjourn.com/insights/microservices-vs-monolithic-architecture,Softjourn,company,blog post,pros & cons,consulting
120,"The Microservices Architecture Revolution: Pros, Cons, and more",Inspirisys,2023-05-08,2023,https://www.linkedin.com/pulse/microservices-architecture-revolution-pros-cons-more-inspirisys/,linkedin/Inspirisys,company,blog post,pros & cons,consulting
121,"Pros and Cons of Distributed and Centralized Architectures. Comparing Monolith, Microservices, and Distributed Monolith",Sergey Laptick,2023-11-01,2023,https://xbsoftware.com/blog/monolith-vs-microservices-vs-distributed-monolith/,XB Software,company,blog post,pros & cons,consulting
122,"Best Architecture for an MVP: Monolith, SOA, Microservices, or Serverless?","Anastasia D, Dmytro H",2019-04-18,2019,https://rubygarage.org/blog/monolith-soa-microservices-serverless,RubyGarage,company,blog post,pros & cons,consulting
123,What is API Architecture?-Monolithic vs. Microservices,Tony Harris,2020-02-28,2020,https://blog.dreamfactory.com/api-trends-from-monolithic-to-microservices/,DreamFactory,company,blog post,pros & cons,consulting
124,"Breaking Down Monolithic and Microservices Architectures: Pros, Cons, and Trade-offs",Perfectz Digital,2023-07-15,2023,https://www.linkedin.com/pulse/breaking-down-monolithic-microservices-architectures/,Perfectz Digital,company,blog post,pros & cons,consulting
125,Microservices vs Monolithic: Which Software Architecture is the Best Choice?,Rakesh Patel,2024-01-24,2024,https://www.spaceo.ca/blog/microservices-vs-monolithic-architecture/,Spaceo technologies,company,blog post,pros & cons,consulting
126,Monolithic architecture vs microservices: strengths and weaknesses,Oleksandr Lytvynenko,2021-09-10,2021,https://codeit.us/blog/monolithic-vs-microservices-architecture,CodeIT,company,blog post,pros & cons,consulting
127,Microservices vs. monolithic architecture: Understanding the difference,Jay Livens,2022-05-23,2022,https://www.dynatrace.com/news/blog/microservices-vs-monolithic-architecture/,DynaTrace,company,blog post,pros & cons,consulting
128,Serverless vs Microservices: What Should You Choose For Your Product?,Robert Krajewski,2022-02-16,2022,https://www.ideamotive.co/blog/serverless-vs-microservices-architecture,Ideamotive,company,blog post,pros & cons,consulting
129,What Are Microservices and How Do They Work?,Alex Kugell,2021-07-21,2021,https://trio.dev/what-are-microservices,Trio,company,blog post,pros & cons,consulting
130,"Microservices in Action: Navigating the Pros, Cons, and Challenges","Marcin Jabłonowski, Wojciech Kotlarski",2023-06-15,2023,https://www.linkedin.com/pulse/microservices-action-navigating-pros-cons-challenges/,CTO Talks,community,blog post,experience report,case study
131,Monolith vs. Microservices Application Architecture,Gravitee.io,2021-11-24,2021,https://www.gravitee.io/blog/monolith-vs.-microservices-application-architecture,Gravitee.io,company,blog post,pros & cons,product
133,Microservices Architecture Implementation: Still Worth It?,Pavlo Zheldak,2023-08-24,2023,https://acropolium.com/blog/microservices-architecture-implementation-benefits-practices/,Acropolium,company,blog post,pros & cons,consulting
134,Monolithic Applications vs. Microservices,"Minna Lunney, Sébastien Morel",2023-04-12,2023,https://crystallize.com/blog/monolithic-applications-vs-microservices,Crystallize,company,blog post,pros & cons,consulting
135,Countering microservice disasters,Vojtech Vondra,2021-04-23,2021,https://www.productboard.com/blog/countering-microservice-disasters/,Productboard,company,blog post,experience report,consulting
136,Why you should use a microservice architecture,Lee Atchison,2023-12-06,2023,https://www.linkedin.com/pulse/why-you-should-use-microservice-architecture-lee-atchison-ouxgc,LinkedIn/Lee Atchison,community,blog post,pros & cons,consulting
138,Microservices: pros and cons,Marcin Kwiatkowski,2023-03-30,2023,https://www.marcinkwiatkowski.com/microservices/microservices-pros-and-cons/,Marcin Kwiatkowski,ad-hoc blog,blog post,pros & cons,consulting
